啊;a;;true;啊;2026-07-28T11:20:39.020497
阿;a;1;false;阿姨, 阿尔卑斯山;2026-07-28T11:13:40.332421
矮;ai;3;true;;2026-07-28T11:50:21.647988
爱;ai;4;true;可爱, 我爱学习, 我爱生气, 爱, 爱好, 爱情, 相爱;2026-07-28T12:08:54.530010
安;an;1;true;安全套, 安静;2026-07-28T11:19:36.570839
吧;ba;;true;一步一步来吧, 我们周末高兴高兴吧。, 放心吧, 这样吧, 酒吧;2026-07-28T12:08:54.498188
巴;ba;;true;嘴巴, 大巴, 巴士, 巴黎在法国的北部;2026-07-28T11:19:36.539746
八;ba;1;false;八年前, 八月, 胡说八道;2026-07-28T11:13:40.028857
把;ba;3;true;一把刀, 我把苹果吃完了;2026-07-28T11:19:36.619141
爸;ba;4;true;爸爸;2026-07-28T11:19:36.676546
白;bai;;false;我明白了, 白, 白菜;2026-07-28T11:13:39.826531
百;bai;3;true;百;2026-07-28T11:19:36.688275
拜;bai;4;true;拜访;2026-07-28T11:19:36.622184
搬;ban;1;true;搬家;2026-07-28T11:19:36.626896
班;ban;1;true;上班, 西班牙;2026-07-28T11:19:36.417925
般;ban;1;false;一般, 一般来说;2026-07-28T11:13:38.314394
板;ban;3;true;地板, 老板;2026-07-28T11:19:36.722292
办;ban;4;true;办公室, 怎么办？;2026-07-28T12:08:54.484687
半;ban;4;false;半;2026-07-28T11:13:38.716072
帮;bang;1;true;帮助, 帮忙;2026-07-28T11:21:55.821257
包;bao;1;true;一片面包, 书包, 打包, 背包, 钱包, 面包;2026-07-28T11:19:36.727032
保;bao;3;true;保护;2026-07-28T11:19:36.463041
宝;bao;3;false;支付宝;2026-07-28T11:13:39.448775
饱;bao;3;true;吃饱了, 我(吃)饱了;2026-07-28T12:08:54.493616
报;bao;4;true;报纸, 申报;2026-07-28T11:19:36.620103
卑;bei;1;false;阿尔卑斯山;2026-07-28T11:13:40.332421
杯;bei;1;true;一杯, 干杯, 杯子;2026-07-28T11:19:36.644878
背;bei;1;true;背包;2026-07-28T11:19:36.726509
北;bei;3;true;北, 北京, 北美洲, 北非 / 南非, 巴黎在法国的北部, 我家在学校的北边;2026-07-28T12:08:54.461993
备;bei;4;true;准备, 装备;2026-07-28T12:08:54.548583
被;bei;4;true;;2026-07-28T11:50:21.648340
本;ben;4;true;日本, 本, 本地人, 这是一本有意思的书;2026-07-28T11:19:36.634836
笨;ben;4;false;笨蛋;2026-07-28T11:13:39.910737
鼻;bi;2;true;鼻子;2026-07-28T11:19:36.803024
比;bi;3;true;比, 比利时, 比如, 比赛, 比较+Adj;2026-07-28T12:08:54.528764
笔;bi;3;true;笔, 笔试;2026-07-28T11:19:36.704149
币;bi;4;true;人民币;2026-07-28T11:19:36.443474
必;bi;4;true;必须;2026-07-28T11:19:36.599901
毕;bi;4;true;毕业;2026-07-28T11:19:36.656276
避;bi;4;true;避免;2026-07-28T11:19:36.776511
边;bian;1;true;一边。。。一边。。。, 我在你身边, 我家在学校的北边, 旁边, 有一只狗在我的旁边, 边;2026-07-28T12:08:54.412433
变;bian;4;true;变;2026-07-28T11:19:36.514563
遍;bian;4;false;你可以再说一遍吗, 请再说一遍, 遍;2026-07-28T11:13:40.279363
表;biao;3;true;手表, 表亲, 表哥, 表演, 表示;2026-07-28T11:19:36.615088
别;bie;2;true;别, 别人, 别动！, 区别, 我没有别的意思, 特别;2026-07-28T12:08:54.459441
宾;bin;1;true;宾馆;2026-07-28T11:19:36.577318
冰;bing;1;true;冰淇淋, 冰箱;2026-07-28T11:19:36.481799
饼;bing;3;true;饼;2026-07-28T11:19:36.797430
病;bing;4;true;生病;2026-07-28T11:19:36.682303
卜;bo;;false;萝卜;2026-07-28T11:13:40.073142
播;bo;1;false;播客;2026-07-28T11:13:39.441094
博;bo;2;false;博物馆;2026-07-28T11:13:38.724573
步;bu;;true;一步一步来吧, 你越说中文越容易进步, 徒步, 散步, 每个星期跑一次步, 跑步, 进步, 退步;2026-07-28T11:19:36.598907
不;bu;4;true;。。。不动了, 一点也不, 不, 不下, 不了, 不到, 不可以, 不好意思, 不客气, 不常常但是有时候, 不用谢, 不能, 不行, 不过, 不错, 你可不可以, 好久不见, 对不起, 差不多, 我不能跑得很快, 我们不都喜欢喝咖啡, 我们都不喜欢喝咖啡, 我听不清, 我有一点儿不高兴, 我跟他们不见面了, 还不来;2026-07-28T12:08:54.415564
部;bu;4;true;大部分, 巴黎在法国的北部, 部;2026-07-28T11:19:36.778002
猜;cai;1;true;猜;2026-07-28T11:19:36.678730
才;cai;2;true;才;2026-07-28T11:19:36.615544
菜;cai;4;true;做菜, 炒菜, 白菜, 花菜, 菜, 菜单, 菜园, 蔬菜, 香菜;2026-07-28T11:19:36.672325
参;can;1;true;参加, 参观;2026-07-28T11:19:36.509542
餐;can;1;true;餐;2026-07-28T11:19:36.795911
草;cao;3;false;草;2026-07-28T11:13:40.064876
厕;ce;4;true;厕所;2026-07-28T11:19:36.506138
层;ceng;2;true;层;2026-07-28T11:19:36.581342
叉;cha;1;true;叉;2026-07-28T11:19:36.511374
察;cha;2;false;警察局;2026-07-28T11:13:40.129102
查;cha;2;true;检查;2026-07-28T11:19:36.648137
茶;cha;2;true;茶;2026-07-28T11:19:36.740637
差;cha;4;false;差, 差不多;2026-07-28T11:13:39.096132
产;chan;2;false;产品;2026-07-28T11:13:38.435555
尝;chang;2;true;尝;2026-07-28T11:19:36.580308
常;chang;2;true;不常常但是有时候, 常常, 正常, 经常, 通常, 非常;2026-07-28T11:19:36.714436
长;chang;2;true;多长时间, 长, 长大, 长得很快, 长期;2026-07-28T11:19:36.780956
场;chang;3;true;(飞)机场;2026-07-28T12:08:54.373075
唱;chang;4;true;唱;2026-07-28T11:19:36.534325
超;chao;1;true;超市, 超过;2026-07-28T11:19:36.764581
吵;chao;3;true;;2026-07-28T11:19:28.882334
炒;chao;3;true;炒菜;2026-07-28T11:19:36.671774
车;che;1;true;公共汽车, 出租车, 开车, 我们在哪一站下车？, 打车, 汽车, 火车, 电动车, 电车, 自行车, 货车;2026-07-28T12:08:54.503790
衬;chen;4;true;衬衫;2026-07-28T11:19:36.752619
乘;cheng;2;false;乘坐;2026-07-28T11:13:38.404602
城;cheng;2;true;城市;2026-07-28T11:19:36.552408
成;cheng;2;true;成功, 换成;2026-07-28T11:19:36.515309
橙;cheng;2;false;橙子, 橙色;2026-07-28T11:13:39.600398
程;cheng;2;false;IT工程师, 程度;2026-07-28T12:08:54.391846
吃;chi;1;true;你吃的惯。。, 吃, 吃药, 吃饱了, 好吃, 我(吃)饱了, 我吃饭吃得快, 我把苹果吃完了;2026-07-28T12:08:54.493616
迟;chi;2;true;迟到;2026-07-28T11:19:36.774081
充;chong;1;false;充实;2026-07-28T11:13:38.572283
抽;chou;1;false;抽烟;2026-07-28T11:13:39.410069
出;chu;1;true;出, 出发, 出生, 出租车, 出门, 哭出来;2026-07-28T12:33:24.868722
初;chu;1;false;月初;2026-07-28T11:13:39.530691
厨;chu;2;false;厨房;2026-07-28T11:13:38.744112
除;chu;2;false;除了。。, 除了。。。以外。。。;2026-07-28T12:08:54.569995
楚;chu;3;true;清楚;2026-07-28T11:19:36.667530
处;chu;4;false;到处;2026-07-28T11:13:38.662779
穿;chuan;1;true;穿;2026-07-28T11:19:36.701190
船;chuan;2;true;船;2026-07-28T11:19:36.733124
窗;chuang;1;true;窗户;2026-07-28T11:36:38.214763
床;chuang;2;true;双人床, 起床;2026-07-28T12:08:54.464691
春;chun;1;true;春天, 春节;2026-07-28T11:19:36.637285
词;ci;2;false;动词, 词语;2026-07-28T11:13:40.149290
辞;ci;2;true;辞职;2026-07-28T11:19:36.769657
此;ci;3;false;在此之后 / 从此;2026-07-28T12:08:54.470804
次;ci;4;true;上次, 下次, 几次, 次, 每个星期跑一次步, 这是第一次来中国;2026-07-28T11:19:36.488014
聪;cong;1;true;聪明;2026-07-28T11:19:36.724904
从;cong;2;true;从...来, 从...起, 从前, 从来没有, 在此之后 / 从此;2026-07-28T12:08:54.470804
醋;cu;4;false;醋;2026-07-28T11:13:40.298632
错;cuo;4;true;不错, 错;2026-07-28T11:19:36.780410
答;da;1;true;答应;2026-07-28T11:19:36.541968
打;da;3;true;我给你打电话, 打, 打乒乓球, 打包, 打折, 打电话, 打破, 打算, 打篮球, 打网球, 打羽毛球, 打车;2026-07-28T11:19:36.616062
大;da;4;true;加拿大, 大, 大厅, 大大的家, 大学, 大家, 大巴, 大概, 大衣, 大部分, 年纪大, 意大利, 我去大便, 长大;2026-07-28T11:19:36.560298
纪;da;4;false;年纪大;2026-07-28T11:13:39.129194
呆;dai;1;true;呆;2026-07-28T11:19:36.524537
代;dai;4;false;现代;2026-07-28T11:13:39.774887
带;dai;4;true;带;2026-07-28T11:19:36.587177
待;dai;4;true;;2026-07-28T11:19:28.882928
戴;dai;4;true;戴;2026-07-28T11:19:36.612623
袋;dai;4;false;袋;2026-07-28T11:13:40.107792
单;dan;1;true;买单, 单身, 点单, 简单, 菜单;2026-07-28T11:19:36.707331
担;dan;1;true;担心;2026-07-28T11:19:36.621160
但;dan;4;true;不常常但是有时候, 但是;2026-07-28T11:19:36.456451
旦;dan;4;true;元旦;2026-07-28T11:19:36.470516
蛋;dan;4;true;笨蛋, 蛋糕, 鸡蛋;2026-07-28T11:19:36.749349
诞;dan;4;false;圣诞节;2026-07-28T11:13:38.889125
当;dang;1;true;当天，我很忙, 当然;2026-07-28T12:08:54.481308
刀;dao;1;false;一把刀, 刀;2026-07-28T11:13:38.650138
倒;dao;3;false;倒霉;2026-07-28T11:13:38.543227
岛;dao;3;false;岛;2026-07-28T11:13:39.084998
到;dao;4;true;不到, 你到家就跟我说, 到, 到处, 到时候, 我工作到很晚, 找到, 看见 / 看到, 迟到;2026-07-28T12:08:54.538792
道;dao;4;true;知道, 胡说八道, 街道;2026-07-28T11:19:36.694935
的;de;;true;A 的时候, B, 。。。的话, 人山人海的地方, 以后的事, 你吃的惯。。, 你的工作离家多远？, 公园的中间, 大大的家, 巴黎在法国的北部, 我家在学校的北边, 我没有别的意思, 有一只狗在我的旁边, 有的。。。有的。。。, 的, 目的地, 真的吗?, 这是一本有意思的书;2026-07-28T12:08:54.541439
德;de;2;false;德国;2026-07-28T11:13:39.182567
得;dei;3;true;你觉得怎么样？, 得, 我不能跑得很快, 我吃饭吃得快, 我和他跑得一样快, 我觉得, 显得, 长得很快;2026-07-28T12:08:54.454153
灯;deng;1;true;灯, 红绿灯;2026-07-28T11:19:36.671241
等;deng;3;true;等;2026-07-28T11:19:36.705262
低;di;1;true;低;2026-07-28T11:19:36.457622
底;di;3;false;年底;2026-07-28T11:13:39.127049
地;di;4;true;人山人海的地方, 地, 地图, 地址, 地方, 地板, 地瓜, 地铁, 地铁四号线, 本地人, 目的地, 老时间老地方;2026-07-28T11:19:36.546865
弟;di;4;true;兄弟姐妹, 弟弟;2026-07-28T11:19:36.595294
第;di;4;true;第一, 这是第一次来中国;2026-07-28T11:19:36.704717
递;di;4;true;快递;2026-07-28T11:19:36.602473
点;dian;3;true;一点也不, 一点儿, 什么时间 / 几点？, 优点, 你可以说慢一点吗, 我有一点儿不高兴, 景点, 点, 点单, 点外卖, 甜点, 缺点;2026-07-28T12:08:54.420641
店;dian;4;true;商店, 理发店, 酒店, 饭店;2026-07-28T11:19:36.535812
电;dian;4;true;我给你打电话, 打电话, 电动车, 电影, 电梯, 电脑, 电视, 电视剧, 电车, 这个电影让人高兴;2026-07-28T11:19:36.682824
掉;diao;4;true;掉进水里;2026-07-28T11:19:36.624835
定;ding;4;true;一定, 决定, 定闹钟;2026-07-28T11:19:36.406103
订;ding;4;true;订;2026-07-28T11:19:36.755944
东;dong;1;true;东, 东西, 广东话, 我又是室友又是房东, 房东, 这个东西能用?;2026-07-28T12:08:54.560218
冬;dong;1;true;冬天;2026-07-28T11:19:36.481320
懂;dong;3;true;看懂;2026-07-28T11:19:36.610452
动;dong;4;true;。。。不动了, 做运动, 别动！, 动物, 动词, 感动, 活动, 电动车;2026-07-28T12:08:54.459441
都;dou;1;true;我们不都喜欢喝咖啡, 我们都不喜欢喝咖啡, 都, 都可以;2026-07-28T11:19:36.778486
豆;dou;4;false;土豆, 红豆;2026-07-28T11:13:39.955343
读;du;2;true;读;2026-07-28T11:19:36.761822
度;du;4;true;印度, 度假, 深度, 程度, 零下四度;2026-07-28T11:19:36.592177
肚;du;4;true;肚子;2026-07-28T11:19:36.726006
短;duan;3;true;短, 短期, 短袖;2026-07-28T11:19:36.695472
丢;dui;1;true;X丢了, 丢X, 丢垃圾;2026-07-28T12:08:54.418126
对;dui;4;true;对, 对不起, 对面, 派对, 绝对;2026-07-28T11:19:36.579392
队;dui;4;true;团队;2026-07-28T11:19:36.543592
多;duo;1;true;你的工作离家多远？, 多久, 多云, 多少, 多长时间, 差不多;2026-07-28T12:08:54.448663
饿;e;4;true;我很饿也很渴, 饿;2026-07-28T11:19:36.797953
儿;er;2;true;一会儿, 一点儿, 儿子, 哪儿, 我有一点儿不高兴;2026-07-28T11:19:36.411924
而;er;2;true;而且;2026-07-28T11:19:36.723860
尔;er;3;false;阿尔卑斯山;2026-07-28T11:13:40.332421
二;er;4;true;二;2026-07-28T12:11:35.975130
发;fa;1;true;出发, 发烧, 发现, 头发, 沙发, 理发店, 给X发信息;2026-07-28T12:08:54.545639
法;fa;3;true;;2026-07-28T11:50:21.647809
烦;fan;;false;麻烦;2026-07-28T11:13:40.431364
番;fan;1;false;番茄;2026-07-28T11:13:39.817658
繁;fan;2;false;繁体字;2026-07-28T11:13:39.949063
返;fan;3;false;往返;2026-07-28T11:13:39.172089
饭;fan;4;true;午饭, 妈妈为我做饭, 我吃饭吃得快, 饭店;2026-07-28T11:19:36.709813
方;fang;1;true;人山人海的地方, 地方, 方便, 方向, 立方米, 老时间老地方;2026-07-28T11:19:36.547936
房;fang;2;true;厨房, 客房, 我又是室友又是房东, 房东, 房卡, 房子, 房客, 房间, 药房;2026-07-28T11:19:36.613138
访;fang;3;true;拜访;2026-07-28T11:19:36.622704
放;fang;4;true;放, 放心吧;2026-07-28T11:19:36.627866
啡;fei;1;true;咖啡, 我们不都喜欢喝咖啡, 我们都不喜欢喝咖啡;2026-07-28T11:19:36.527785
非;fei;1;true;北非 / 南非, 非常, 非洲;2026-07-28T12:08:54.461993
飞;fei;1;true;(飞)机场, 飞机;2026-07-28T12:08:54.373075
肥;fei;2;false;肥;2026-07-28T11:13:40.022076
费;fei;4;true;免费;2026-07-28T11:19:36.472365
分;fen;1;true;分, 分公司, 分钟, 大部分;2026-07-28T11:19:36.489474
粉;fen;3;false;粉红色;2026-07-28T11:13:39.934518
风;feng;1;true;一路顺风, 风景, 风险;2026-07-28T11:19:36.793507
夫;fu;;true;丈夫, 前夫;2026-07-28T11:19:36.416371
肤;fu;1;false;皮肤;2026-07-28T11:13:39.830924
服;fu;2;true;服务员, 舒服, 衣服;2026-07-28T11:19:36.641832
福;fu;2;true;幸福;2026-07-28T11:19:36.590644
府;fu;3;false;政府;2026-07-28T11:13:39.454841
付;fu;4;true;付钱, 支付, 支付宝;2026-07-28T11:19:36.450163
复;fu;4;true;回复, 复习;2026-07-28T11:19:36.556401
富;fu;4;true;富;2026-07-28T11:19:36.578909
父;fu;4;false;父/母 女, 父/母 子, 父母;2026-07-28T12:08:54.534212
负;fu;4;false;负责任;2026-07-28T11:13:40.166784
附;fu;4;true;附近;2026-07-28T11:19:36.785731
该;gai;1;true;应该;2026-07-28T11:19:36.591641
概;gai;4;false;大概;2026-07-28T11:13:38.953631
干;gan;1;true;干什么?, 干净, 干杯;2026-07-28T12:08:54.478440
感;gan;3;true;感兴趣, 感冒, 感动;2026-07-28T11:19:36.608169
敢;gan;3;false;勇敢;2026-07-28T11:13:38.699987
赶;gan;3;false;赶快;2026-07-28T11:13:40.180391
刚;gang;1;true;刚刚;2026-07-28T11:19:36.492196
港;gang;3;true;香港;2026-07-28T11:19:36.798877
糕;gao;1;true;糟糕, 蛋糕;2026-07-28T11:19:36.749915
高;gao;1;true;天高了, 我们周末高兴高兴吧。, 我有一点儿不高兴, 身高, 这个电影让人高兴, 高, 高兴, 高速公路, 高铁;2026-07-28T12:08:54.498188
告;gao;4;true;告诉;2026-07-28T11:19:36.525023
哥;ge;1;true;哥哥, 表哥;2026-07-28T11:19:36.529770
歌;ge;1;true;歌;2026-07-28T11:19:36.534828
格;ge;2;true;价格, 性格;2026-07-28T11:19:36.453372
个;ge;4;true;个子, 接一个人, 最后一个, 每个星期跑一次步, 每年一个月, 这个东西能用?, 这个月, 这个电影让人高兴, 送一个人;2026-07-28T12:08:54.560218
给;gei;3;true;我给你打电话, 给, 给X发信息;2026-07-28T12:08:54.545639
跟;gen;1;true;你到家就跟我说, 我跟他们不见面了, 跟;2026-07-28T11:19:36.766172
更;geng;4;true;;2026-07-28T11:50:21.647625
公;gong;1;true;(公)园, 主人公, 公公, 公共汽车, 公司, 公园的中间, 公寓, 公斤, 公民, 公里, 分公司, 办公室, 总公司, 老公, 高速公路;2026-07-28T12:08:54.358277
功;gong;1;false;成功;2026-07-28T11:13:39.229309
工;gong;1;true;IT工程师, 你怎么去工作？, 你的工作离家多远？, 员工, 工作, 工资, 我今天工作了一整天, 我工作到很晚, 我汉语课后还有工作;2026-07-28T12:08:54.448663
共;gong;4;true;一共, 公共汽车, 共同;2026-07-28T11:19:36.404459
狗;gou;3;true;有一只狗在我的旁边, 狗;2026-07-28T11:19:36.678172
够;gou;4;true;够, 够了!;2026-07-28T12:08:54.474338
购;gou;4;false;购物;2026-07-28T11:13:40.173071
菇;gu;1;false;蘑菇;2026-07-28T11:13:40.083181
故;gu;4;true;故事;2026-07-28T11:19:36.628344
顾;gu;4;true;照顾;2026-07-28T11:19:36.674029
瓜;gua;1;true;;2026-07-28T11:19:28.883097
挂;gua;4;false;挂;2026-07-28T11:13:39.418179
怪;guai;4;true;奇怪;2026-07-28T11:19:36.563216
关;guan;1;true;他和我没关系, 你们是什么关系 ?, 关于, 关心, 开关, 没关系, 这件事和我有关系;2026-07-28T12:08:54.429489
观;guan;1;true;参观;2026-07-28T11:19:36.510254
管;guan;3;true;管理;2026-07-28T11:19:36.707962
馆;guan;3;true;博物馆, 图书馆, 宾馆;2026-07-28T11:19:36.545724
惯;guan;4;true;习惯, 你吃的惯。。, 我习惯了;2026-07-28T12:08:54.434018
光;guang;1;false;欢迎光临, 阳光;2026-07-28T11:13:40.325323
广;guang;3;false;广东话;2026-07-28T11:13:39.138570
贵;gui;4;true;贵;2026-07-28T11:19:36.764103
锅;guo;1;false;火锅;2026-07-28T11:13:39.724968
国;guo;2;true;中国, 国内, 国家, 国籍, 国际, 巴黎在法国的北部, 德国, 我没去过中国, 泰国, 英国, 这是第一次来中国, 韩国;2026-07-28T11:19:36.429736
果;guo;3;true;如果, 开心果, 我把苹果吃完了, 果汁, 水果, 结果, 苹果;2026-07-28T11:19:36.566438
过;guo;4;true;不过, 我没去过中国, 经过, 超过, 过, 过(生日), 过去, 难过;2026-07-28T12:08:54.554789
孩;hai;2;true;女孩, 孩子, 男孩;2026-07-28T12:08:54.476586
还;hai;2;true;我汉语课后还有工作, 还不来, 还好, 还是, 还有呢？, 还没有;2026-07-28T12:08:54.557236
海;hai;3;false;人山人海的地方, 海, 海鲜;2026-07-28T11:13:39.697582
害;hai;4;true;伤害, 厉害, 害怕, 有害;2026-07-28T11:19:36.574303
韩;han;2;false;韩国;2026-07-28T11:13:40.367029
汉;han;4;true;我汉语课后还有工作, 汉字, 汉语;2026-07-28T11:19:36.658493
好;hao;3;true;…好了吗?, 不好意思, 你好意思？, 好, 好久不见, 好吃, 好笑, 幸好, 爱好, 还好;2026-07-28T12:08:54.437807
号;hao;4;true;号, 地铁四号线;2026-07-28T11:19:36.519301
喝;he;1;true;喝, 喝醉, 我们不都喜欢喝咖啡, 我们都不喜欢喝咖啡;2026-07-28T11:19:36.538726
合;he;2;false;合作;2026-07-28T11:13:38.794088
和;he;2;true;A在B和C之间, 他和我没关系, 和, 我和他跑得一样快, 这件事和我有关系;2026-07-28T12:08:54.386088
河;he;2;true;河;2026-07-28T11:19:36.662693
黑;hei;1;true;天黑了, 黑;2026-07-28T11:19:36.802492
很;hen;3;true;当天，我很忙, 很, 很少, 我不能跑得很快, 我工作到很晚, 我很饿也很渴, 长得很快;2026-07-28T12:08:54.481308
红;hong;2;true;粉红色, 红, 红绿灯, 红豆, 西红柿;2026-07-28T11:19:36.711090
猴;hou;2;false;猴子;2026-07-28T11:13:39.766917
候;hou;4;true;A 的时候, B, 不常常但是有时候, 什么时候, 到时候, 时候, 有时候;2026-07-28T12:08:54.381931
后;hou;4;true;之后, 以后, 以后的事, 后, 后天, 后面, 在此之后 / 从此, 我汉语课后还有工作, 最后一个, 然后;2026-07-28T12:08:54.470804
湖;hu;2;false;湖;2026-07-28T11:13:39.710056
胡;hu;2;true;胡子, 胡说八道;2026-07-28T11:19:36.727980
虎;hu;2;false;老虎, 马马虎虎;2026-07-28T11:13:40.408254
互;hu;4;true;互相;2026-07-28T11:19:36.439200
户;hu;4;true;客户, 窗户;2026-07-28T11:36:36.385272
护;hu;4;true;保护, 护照, 护理;2026-07-28T11:19:36.464972
花;hua;1;true;我花190欧, 花, 花园, 花菜;2026-07-28T12:08:54.511875
滑;hua;2;true;滑, 滑翔伞, 滑雪;2026-07-28T11:19:36.668994
划;hua;4;true;计划;2026-07-28T11:19:36.755436
化;hua;4;false;文化;2026-07-28T11:13:39.465665
画;hua;4;true;画;2026-07-28T11:19:36.685774
话;hua;4;true;。。。的话, 广东话, 我给你打电话, 打电话, 普通话, 笑话, 说话;2026-07-28T12:08:54.409750
坏;huai;4;true;坏;2026-07-28T11:19:36.549125
欢;huan;;true;喜欢, 我们不都喜欢喝咖啡, 我们都不喜欢喝咖啡, 欢迎, 欢迎光临;2026-07-28T11:19:36.538118
换;huan;4;true;换, 换成;2026-07-28T11:19:36.624279
黄;huang;2;false;黄瓜, 黄色;2026-07-28T11:13:40.434508
灰;hui;1;false;灰色;2026-07-28T11:13:39.727926
回;hui;2;true;回, 回复, 回忆, 回来, 我回来了!;2026-07-28T12:08:54.508749
会;hui;4;true;一会儿, 会, 会议, 开会, 约会, 聚会;2026-07-28T11:19:36.454879
婚;hun;1;false;婚礼, 未婚妻, 结婚;2026-07-28T11:13:39.971836
活;huo;2;true;活动, 生活;2026-07-28T11:19:36.681778
火;huo;3;false;火车, 火锅;2026-07-28T11:13:39.724968
或;huo;4;true;或者;2026-07-28T11:19:36.611590
货;huo;4;true;货车;2026-07-28T11:19:36.763559
圾;ji;1;true;丢垃圾;2026-07-28T11:19:36.551807
机;ji;1;true;(飞)机场, 司机, 手机, 洗碗机, 洗衣机, 相机, 耳机, 飞机;2026-07-28T12:08:54.373075
肌;ji;1;false;肌肉;2026-07-28T11:13:40.018594
鸡;ji;1;true;鸡尾酒, 鸡肉, 鸡蛋;2026-07-28T11:19:36.802025
即;ji;2;true;即使;2026-07-28T11:19:36.503983
及;ji;2;true;及时;2026-07-28T11:19:36.511962
吉;ji;2;false;吉他, 吉利, 王老吉;2026-07-28T11:13:39.769133
急;ji;2;true;急, 着急;2026-07-28T11:19:36.603503
籍;ji;2;false;国籍;2026-07-28T11:13:38.878552
几;ji;3;true;什么时间 / 几点？, 几, 几次;2026-07-28T12:08:54.420641
己;ji;3;true;自己;2026-07-28T11:19:36.730960
继;ji;4;true;继续;2026-07-28T11:19:36.716715
计;ji;4;true;计划;2026-07-28T11:19:36.754989
记;ji;4;true;记;2026-07-28T11:19:36.758468
际;ji;4;true;国际;2026-07-28T11:19:36.544641
加;jia;1;true;加拿大, 加油, 加热, 参加, 新加坡;2026-07-28T11:19:36.497656
夹;jia;1;false;夹克;2026-07-28T11:13:38.976178
家;jia;1;true;你到家就跟我说, 你的工作离家多远？, 国家, 大大的家, 大家, 家, 家乡, 家具, 我家在学校的北边, 搬家;2026-07-28T12:08:54.448663
价;jia;4;true;价格;2026-07-28T11:19:36.452845
假;jia;4;true;假期, 度假;2026-07-28T11:19:36.592645
驾;jia;4;false;驾照;2026-07-28T11:13:40.410361
捡;jian;;true;捡;2026-07-28T11:19:36.623705
间;jian;1;true;A在B和C之间, 什么时间 / 几点？, 公园的中间, 卫生间, 多长时间, 房间, 时间, 洗手间, 老时间老地方;2026-07-28T12:08:54.420641
剪;jian;3;true;剪;2026-07-28T11:19:36.496227
检;jian;3;true;检查;2026-07-28T11:19:36.647644
简;jian;3;true;简体字, 简单;2026-07-28T11:19:36.706443
件;jian;4;false;件, 软件, 这件事和我有关系, 邮件;2026-07-28T11:13:40.285209
健;jian;4;true;健康, 健行;2026-07-28T11:19:36.468355
荐;jian;4;true;推荐;2026-07-28T11:19:36.626392
见;jian;4;true;再见, 听见, 好久不见, 我跟他们不见面了, 梦见, 看见 / 看到, 见面;2026-07-28T12:08:54.538792
讲;jiang;3;true;讲;2026-07-28T11:19:36.759008
交;jiao;1;true;交流;2026-07-28T11:19:36.441418
教;jiao;1;true;教, 教室;2026-07-28T11:19:36.628839
蕉;jiao;1;true;香蕉;2026-07-28T11:19:36.799390
脚;jiao;3;true;脚;2026-07-28T11:19:36.729464
饺;jiao;3;true;水饺, 饺子;2026-07-28T11:19:36.657942
叫;jiao;4;true;叫;2026-07-28T11:19:36.517306
椒;jiao;4;false;辣椒;2026-07-28T11:13:40.215109
接;jie;1;true;接, 接一个人, 接下来;2026-07-28T11:19:36.625336
街;jie;1;true;街道, 路 / 街;2026-07-28T12:08:54.552709
结;jie;2;true;结婚, 结束, 结果;2026-07-28T11:19:36.714967
节;jie;2;true;圣诞节, 春节, 节日, 节目;2026-07-28T11:19:36.654836
姐;jie;3;true;兄弟姐妹, 堂姐, 姐姐;2026-07-28T11:19:36.568409
解;jie;3;true;了解;2026-07-28T11:19:36.437988
介;jie;4;true;介绍, 你介意吗;2026-07-28T11:19:36.448117
借;jie;4;true;借;2026-07-28T11:19:36.467371
界;jie;4;true;世界;2026-07-28T11:19:36.422202
今;jin;1;true;今天, 今年, 我今天工作了一整天;2026-07-28T11:19:36.447185
巾;jin;1;false;围巾, 毛巾;2026-07-28T11:13:39.640640
斤;jin;1;false;公斤, 斤;2026-07-28T11:13:39.469014
金;jin;1;false;现金;2026-07-28T12:08:54.536652
紧;jin;3;false;紧张;2026-07-28T11:13:39.943864
近;jin;4;true;附近;2026-07-28T11:19:36.638817
进;jin;4;true;你越说中文越容易进步, 掉进水里, 进来 / 进去, 进步;2026-07-28T12:08:54.564067
睛;jing;;true;眼睛;2026-07-28T11:19:36.692390
京;jing;1;true;北京;2026-07-28T11:19:36.500634
惊;jing;1;true;惊讶;2026-07-28T11:19:36.606031
精;jing;1;false;精神;2026-07-28T11:13:39.936990
经;jing;1;true;已经, 经历, 经常, 经理, 经过;2026-07-28T11:19:36.584634
景;jing;3;true;景点, 风景;2026-07-28T11:19:36.794224
警;jing;3;false;警察局;2026-07-28T11:13:40.129102
净;jing;4;true;干净;2026-07-28T11:19:36.588748
镜;jing;4;false;眼镜;2026-07-28T11:13:39.858050
静;jing;4;true;安静;2026-07-28T11:19:36.571306
久;jiu;3;true;久, 多久, 好久不见;2026-07-28T11:19:36.431766
九;jiu;3;true;九;2026-07-28T11:19:36.433155
酒;jiu;3;true;啤酒, 酒吧, 酒店, 鸡尾酒;2026-07-28T11:19:36.536943
就;jiu;4;true;你到家就跟我说, 就;2026-07-28T11:19:36.580833
旧;jiu;4;true;旧;2026-07-28T11:19:36.635314
具;ju;;false;家具;2026-07-28T11:13:39.050083
居;ju;1;true;居留证, 邻居;2026-07-28T11:19:36.777527
局;ju;2;false;警察局;2026-07-28T11:13:40.129102
橘;ju;2;false;橘子;2026-07-28T11:13:39.596651
剧;ju;4;true;剧院, 电视剧;2026-07-28T11:19:36.495090
句;ju;4;true;句子;2026-07-28T11:19:36.515815
聚;ju;4;false;聚会;2026-07-28T11:13:40.014912
决;jüe;2;true;决定;2026-07-28T11:19:36.485393
绝;jüe;2;false;绝对;2026-07-28T11:13:39.978804
觉;jüe;2;true;你觉得怎么样？, 我觉得, 睡觉;2026-07-28T12:08:54.454153
卡;ka;;true;信用卡, 刷卡, 房卡;2026-07-28T11:19:36.466390
咖;ka;1;true;咖啡;2026-07-28T11:19:28.882749
开;kai;1;true;开, 开会, 开关, 开始, 开心, 开心果, 开玩笑, 开车, 离开;2026-07-28T11:19:36.594240
看;kan;4;true;看, 看上去, 看懂, 看见 / 看到, 看起来;2026-07-28T12:08:54.538792
康;kang;1;true;健康;2026-07-28T11:19:36.469021
烤;kao;3;false;烤;2026-07-28T11:13:39.737300
考;kao;3;true;考试;2026-07-28T11:19:36.722819
咳;ke;2;false;咳嗽;2026-07-28T11:13:38.831633
可;ke;3;true;不可以, 你可不可以, 你可以再说一遍吗, 你可以说慢一点吗, 可以, 可惜, 可爱, 可笑, 可能, 都可以;2026-07-28T11:19:36.517773
渴;ke;3;true;我很饿也很渴, 渴;2026-07-28T11:19:36.668058
克;ke;4;false;克, 夹克;2026-07-28T11:13:38.976178
刻;ke;4;true;刻;2026-07-28T11:19:36.405331
客;ke;4;true;不客气, 客人, 客厅, 客户, 客房, 房客, 播客, 游客;2026-07-28T12:08:54.415564
课;ke;4;true;我汉语课后还有工作, 课, 课文;2026-07-28T11:19:36.762366
空;kong;4;true;空, 空气, 空调;2026-07-28T11:19:36.700628
口;kou;3;false;口, 口试, 路口, 门口;2026-07-28T12:37:29.916822
哭;ku;1;true;哭出来, 哭起来;2026-07-28T11:19:36.533828
苦;ku;3;true;苦;2026-07-28T11:19:36.734115
裤;ku;4;true;内裤, 裤子;2026-07-28T11:19:36.754066
块;kuai;4;true;块;2026-07-28T11:19:36.550612
快;kuai;4;true;他没有我快, 快, 快乐, 快递, 愉快, 我不能跑得很快, 我吃饭吃得快, 我和他跑得一样快, 赶快, 长得很快;2026-07-28T11:19:36.601992
筷;kuai;4;true;筷子;2026-07-28T11:19:36.705822
款;kuan;4;false;款;2026-07-28T11:13:39.611411
况;kuang;4;true;情况;2026-07-28T11:19:36.605491
困;kun;4;true;困;2026-07-28T11:19:36.544073
垃;la;1;true;丢垃圾;2026-07-28T11:19:36.551195
拉;la;1;true;拉 / 推;2026-07-28T12:08:54.516050
辣;la;4;false;辣, 辣椒;2026-07-28T11:13:40.215109
来;lai;;true;一步一步来吧, 一般来说, 从...来, 从来没有, 哭出来, 哭起来, 回来, 我回来了!, 接下来, 未来, 来, 来玩, 看起来, 越来越, 还不来, 这是第一次来中国, 进来 / 进去;2026-07-28T12:08:54.564067
篮;lan;2;false;打篮球;2026-07-28T11:13:39.389206
蓝;lan;2;true;蓝色;2026-07-28T11:19:36.747900
老;lao;3;true;王老吉, 老公, 老外, 老婆, 老师, 老时间老地方, 老板, 老虎, 老鼠;2026-07-28T11:19:36.720590
乐;le;4;true;乐, 快乐, 音乐;2026-07-28T11:19:36.518231
累;lei;4;true;累;2026-07-28T11:19:36.710326
冷;leng;3;true;冷;2026-07-28T11:19:36.485866
厘;li;2;false;厘米;2026-07-28T11:13:38.742025
梨;li;2;true;梨子;2026-07-28T11:19:36.647123
离;li;2;true;你的工作离家多远？, 离开;2026-07-28T12:08:54.448663
李;li;3;true;行李;2026-07-28T11:19:36.750475
理;li;3;true;护理, 理发店, 管理, 经理;2026-07-28T11:19:36.708604
礼;li;3;true;婚礼, 收（礼物）, 礼物;2026-07-28T12:08:54.517933
里;li;3;true;万里无云, 公里, 在。。。里, 夜里, 掉进水里, 这里, 那里, 里面;2026-07-28T12:08:54.467791
利;li;4;true;吉利, 意大利, 比利时, 流利, 顺利, 顺顺利利;2026-07-28T11:19:36.665372
力;li;4;true;努力, 听力;2026-07-28T11:19:36.499074
历;li;4;true;历史, 经历;2026-07-28T11:19:36.504960
厉;li;4;false;厉害;2026-07-28T11:13:38.738161
立;li;4;false;立方米;2026-07-28T11:13:39.900139
脸;lian;3;true;;2026-07-28T11:50:21.648165
练;lian;4;true;练习, 训练;2026-07-28T11:19:36.712763
亮;liang;;true;漂亮;2026-07-28T11:19:36.670743
两;liang;3;true;两;2026-07-28T11:19:36.427618
辆;liang;4;true;辆;2026-07-28T11:19:36.769192
量;liang;4;false;质量;2026-07-28T11:13:40.171254
聊;liao;2;true;无聊, 聊天;2026-07-28T11:19:36.633843
了;liao;3;true;X丢了, …好了吗?, 。。。不动了, 不了, 了, 了解, 写完作业了, 吃饱了, 够了!, 天高了, 天黑了, 怎么了, 我(吃)饱了, 我习惯了, 我今天工作了一整天, 我回来了!, 我把苹果吃完了, 我明白了, 我跟他们不见面了, 没了, 碗被我洗了, 算了, 除了。。, 除了。。。以外。。。;2026-07-28T12:08:54.569995
料;liao;4;true;饮料, 香料;2026-07-28T11:19:36.796907
林;lin;2;true;森林;2026-07-28T11:19:36.649304
淋;lin;2;true;冰淇淋;2026-07-28T11:19:36.484376
邻;lin;2;true;邻居;2026-07-28T11:19:36.777002
临;ling;2;false;欢迎光临;2026-07-28T11:13:39.605966
羚;ling;2;false;小羚羊;2026-07-28T11:13:39.071780
零;ling;2;true;零, 零下四度, 零钱;2026-07-28T11:19:36.789261
另;ling;4;true;另外;2026-07-28T11:19:36.516299
流;liu;2;true;交流, 流利;2026-07-28T11:19:36.441929
留;liu;2;true;居留证, 留;2026-07-28T11:19:36.686248
六;liu;4;true;六;2026-07-28T12:11:35.975370
龙;long;2;true;龙;2026-07-28T11:19:36.803551
楼;lou;2;true;楼, 楼梯;2026-07-28T11:19:36.651189
侣;lu;3;true;情侣;2026-07-28T11:19:36.605001
录;lu;4;true;录取;2026-07-28T11:19:36.597341
绿;lu;4;true;红绿灯, 绿;2026-07-28T11:19:36.717817
路;lu;4;true;一路顺风, 走路, 路 / 街, 路口, 高速公路;2026-07-28T12:08:54.552709
论;lun;4;false;讨论;2026-07-28T11:13:40.141573
萝;luo;2;false;萝卜;2026-07-28T11:13:40.073142
络;luo;4;true;网络;2026-07-28T11:19:36.718945
落;luo;4;false;日落;2026-07-28T11:13:39.493587
旅;lü;3;true;旅游, 旅行;2026-07-28T11:19:36.632259
吗;ma;;false;...行吗?, …好了吗?, 你介意吗, 你可以再说一遍吗, 你可以说慢一点吗, 吗上, 真的吗?;2026-07-28T12:08:54.541439
麻;ma;2;false;麻烦;2026-07-28T11:13:40.431364
码;ma;3;false;密码;2026-07-28T11:13:39.056447
马;ma;3;false;马, 马戏团, 马马虎虎;2026-07-28T11:13:40.408254
妈;ma;4;true;妈妈, 妈妈为我做饭;2026-07-28T11:19:36.566909
买;mai;3;true;买, 买单, 买卖;2026-07-28T11:19:36.437045
卖;mai;4;false;买卖, 卖, 点外卖;2026-07-28T11:13:39.734752
满;man;3;true;满意;2026-07-28T11:19:36.669702
慢;man;4;true;你可以说慢一点吗, 慢;2026-07-28T11:19:36.609877
忙;mang;2;true;帮忙, 当天，我很忙, 忙;2026-07-28T12:08:54.481308
猫;mao;1;true;猫;2026-07-28T11:19:36.679735
毛;mao;2;true;打羽毛球, 毛巾, 毛衣;2026-07-28T11:19:36.656804
冒;mao;4;true;感冒;2026-07-28T11:19:36.608754
帽;mao;4;true;帽子;2026-07-28T11:19:36.587657
么;me;;true;X 用中文怎么说？, 为什么, 什么, 什么时候, 什么时间 / 几点？, 你们是什么关系 ?, 你怎么去工作？, 你觉得怎么样？, 干什么?, 怎么, 怎么了, 怎么办？, 怎么样, 怎么说。。。, 谢什么?, 这么;2026-07-28T12:08:54.550510
没;mei;2;true;从来没有, 他和我没关系, 他没有我快, 我没去过中国, 我没有别的意思, 有用/没用, 没了, 没关系, 没有, 还没有;2026-07-28T12:08:54.523541
霉;mei;2;false;倒霉;2026-07-28T11:13:38.543227
每;mei;3;true;每, 每个星期跑一次步, 每年一个月;2026-07-28T11:19:36.655339
美;mei;3;true;北美洲, 南美洲, 美;2026-07-28T11:19:36.720050
妹;mei;4;true;兄弟姐妹, 妹妹;2026-07-28T11:19:36.567425
们;men;2;true;你们是什么关系 ?, 我们不都喜欢喝咖啡, 我们周末高兴高兴吧。, 我们在哪一站下车？, 我们都不喜欢喝咖啡, 我跟他们不见面了;2026-07-28T12:08:54.503790
门;men;2;true;出门, 门口;2026-07-28T12:37:29.916822
梦;meng;4;false;梦想, 梦见;2026-07-28T11:13:39.579943
密;mi;1;false;密码, 秘密;2026-07-28T11:13:39.886869
米;mi;3;true;厘米, 平米, 立方米, 米, 米线;2026-07-28T11:19:36.709208
秘;mi;4;false;秘密;2026-07-28T11:13:39.886869
免;mian;3;true;免费, 避免;2026-07-28T11:19:36.471899
面;mian;4;true;一片面包, 前面, 后面, 外面, 对面, 我跟他们不见面了, 见面, 里面, 面包, 面试;2026-07-28T11:19:36.791889
苗;miao;2;false;苗条;2026-07-28T11:13:40.056729
秒;miao;3;true;秒;2026-07-28T11:19:36.699903
民;min;2;true;人民币, 公民;2026-07-28T11:19:36.443018
明;ming;;true;我明白了, 文明, 明天, 明年, 明星, 聪明;2026-07-28T11:19:36.635799
名;ming;2;true;名字;2026-07-28T11:19:36.521968
摸;mo;1;true;摸;2026-07-28T11:19:36.627388
蘑;mo;2;false;蘑菇;2026-07-28T11:13:40.083181
末;mo;4;true;周末, 我们周末高兴高兴吧。;2026-07-28T12:08:54.498188
漠;mo;4;false;沙漠;2026-07-28T11:13:39.663315
母;mu;3;true;母语, 父/母 女, 父/母 子, 父母;2026-07-28T12:08:54.534212
木;mu;4;true;木;2026-07-28T11:19:36.643343
目;mu;4;false;目的地, 节目;2026-07-28T11:13:40.047342
拿;na;2;true;加拿大, 拿;2026-07-28T11:19:36.623198
哪;na;3;true;哪, 哪儿, 我们在哪一站下车？;2026-07-28T12:08:54.503790
那;na;4;false;那里;2026-07-28T11:13:40.282763
奶;nai;3;true;奶奶, 牛奶;2026-07-28T11:36:36.382445
南;nan;2;true;北非 / 南非, 南, 南美洲, 越南;2026-07-28T12:08:54.461993
男;nan;2;true;男, 男孩;2026-07-28T11:19:36.685313
难;nan;2;true;难, 难过;2026-07-28T11:19:36.787250
脑;nao;3;true;电脑;2026-07-28T11:19:36.684336
闹;nao;4;true;定闹钟;2026-07-28T11:19:36.785263
呢;ne;;true;还有呢？;2026-07-28T12:08:54.557236
内;nei;4;true;内, 内向, 内裤, 国内;2026-07-28T11:19:36.478666
能;neng;2;true;不能, 可能, 我不能跑得很快, 能, 这个东西能用?;2026-07-28T12:08:54.560218
你;ni;3;true;你, 你介意吗, 你们是什么关系 ?, 你到家就跟我说, 你可不可以, 你可以再说一遍吗, 你可以说慢一点吗, 你吃的惯。。, 你好意思？, 你怎么去工作？, 你是说..., 你的工作离家多远？, 你觉得怎么样？, 你越说中文越容易进步, 我在你身边, 我想你, 我给你打电话, 求求你;2026-07-28T12:08:54.454153
年;nian;2;true;今年, 八年前, 去年, 年, 年底, 年纪大, 年轻, 明年, 每年一个月;2026-07-28T11:19:36.589665
鸟;niao;3;false;鸟;2026-07-28T11:13:40.421159
您;nin;2;false;您;2026-07-28T11:13:39.207359
牛;niu;2;true;牛奶;2026-07-28T11:36:38.214492
弄;nong;4;false;弄;2026-07-28T11:13:39.161381
努;nu;3;true;努力;2026-07-28T11:19:36.498601
女;nü;3;false;女孩, 父/母 女;2026-07-28T12:08:54.531790
欧;ou;1;true;我花190欧, 欧, 欧洲;2026-07-28T12:08:54.511875
爬;pa;2;true;爬山;2026-07-28T11:19:36.674645
怕;pa;4;true;害怕;2026-07-28T11:19:36.574755
拍;pai;1;true;拍;2026-07-28T11:19:36.621688
派;pai;4;true;派对;2026-07-28T11:19:36.664841
攀;pan;1;false;攀岩, 攀石;2026-07-28T11:13:39.444742
盘;pan;2;true;盘子;2026-07-28T11:19:36.690312
乓;pang;1;false;打乒乓球;2026-07-28T11:13:39.376203
旁;pang;2;true;旁边, 有一只狗在我的旁边;2026-07-28T11:19:36.631315
胖;pang;4;true;胖;2026-07-28T11:19:36.727507
跑;pao;3;true;我不能跑得很快, 我和他跑得一样快, 每个星期跑一次步, 跑步;2026-07-28T11:19:36.765696
陪;pei;2;true;陪;2026-07-28T11:19:36.786227
朋;peng;2;true;朋友;2026-07-28T11:19:36.640851
篷;peng;2;true;帐篷;2026-07-28T11:19:36.586661
啤;pi;2;true;啤酒;2026-07-28T11:19:36.536283
皮;pi;2;false;皮肤;2026-07-28T11:13:39.830924
便;pian;2;true;便宜, 我去大便, 方便, 随便;2026-07-28T11:19:36.462012
片;pian;4;true;一片面包, 照片;2026-07-28T11:19:36.677120
漂;piao;4;true;漂亮;2026-07-28T11:19:36.670284
票;piao;4;false;票, 门票;2026-07-28T11:13:40.320630
频;pin;2;false;视频;2026-07-28T11:13:40.124540
品;pin;3;false;产品, 食品;2026-07-28T11:13:40.382260
乒;ping;1;false;打乒乓球;2026-07-28T11:13:39.376203
平;ping;2;true;平时, 平米, 水平;2026-07-28T11:19:36.589207
瓶;ping;2;true;一瓶;2026-07-28T11:19:36.412552
苹;ping;2;true;我把苹果吃完了, 苹果;2026-07-28T11:19:36.735165
坡;po;;false;新加坡;2026-07-28T11:13:39.471854
婆;po;;true;老婆;2026-07-28T11:19:36.721187
破;po;4;true;打破;2026-07-28T11:19:36.617115
葡;pu;2;false;葡萄;2026-07-28T11:13:40.075072
普;pu;3;false;普通话;2026-07-28T11:13:39.520358
七;qi;1;true;七;2026-07-28T11:19:36.414261
其;qi;1;true;其他人, 其实。。。;2026-07-28T12:08:54.457655
妻;qi;1;true;前妻, 妻子, 未婚妻;2026-07-28T11:19:36.567953
期;qi;1;true;假期, 日期, 星期, 星期一, 星期日, 每个星期跑一次步, 短期, 长期;2026-07-28T11:19:36.636722
奇;qi;2;true;奇怪, 新奇;2026-07-28T11:19:36.562691
淇;qi;2;true;冰淇淋;2026-07-28T11:19:36.483669
骑;qi;2;true;骑;2026-07-28T11:19:36.799915
起;qi;3;true;一起, 从...起, 哭起来, 对不起, 看起来, 起床;2026-07-28T12:08:54.426559
气;qi;4;false;不客气, 天气, 我爱生气, 生气, 空气, 运气;2026-07-28T12:08:54.415564
汽;qi;4;true;公共汽车, 汽车;2026-07-28T11:19:36.474564
千;qian;1;true;千;2026-07-28T11:36:38.213259
前;qian;2;true;从前, 以前, 八年前, 前, 前天, 前夫, 前女友, 前妻, 前面;2026-07-28T11:19:36.494613
潜;qian;2;false;潜水;2026-07-28T11:13:39.721359
钱;qian;2;true;付钱, 挣钱, 钱, 钱包, 零钱;2026-07-28T11:19:36.450691
墙;qiang;2;true;墙;2026-07-28T11:19:36.554552
茄;qie;2;false;番茄;2026-07-28T11:13:39.817658
且;qie;3;true;而且;2026-07-28T11:19:36.724382
亲;qin;1;true;亲, 表亲;2026-07-28T11:19:36.654308
情;qing;;true;事情, 情侣, 情况, 热情, 爱情, 疫情;2026-07-28T11:19:36.604487
清;qing;1;true;我听不清, 清, 清楚;2026-07-28T11:19:36.667011
轻;qing;1;true;年轻, 轻, 轻松;2026-07-28T11:19:36.768174
晴;qing;2;false;晴天;2026-07-28T11:13:39.524492
请;qing;3;true;申请, 请, 请再说一遍;2026-07-28T11:19:36.761270
穷;qiong;2;false;穷;2026-07-28T11:13:39.890542
求;qiu;;false;求求你;2026-07-28T11:13:39.651064
秋;qiu;1;true;秋天;2026-07-28T11:19:36.698731
球;qiu;2;true;打乒乓球, 打篮球, 打网球, 打羽毛球, 球, 踢足球;2026-07-28T11:19:36.680726
区;qu;1;true;区别;2026-07-28T11:19:36.501123
取;qu;3;true;取, 录取;2026-07-28T11:19:36.514091
娶;qu;3;false;娶;2026-07-28T11:13:39.005788
去;qu;4;true;你怎么去工作？, 去, 去年, 失去, 我去大便, 我没去过中国, 看上去, 过去, 进来 / 进去;2026-07-28T12:08:54.564067
趣;qu;4;true;感兴趣, 有趣;2026-07-28T11:19:36.640361
全;quan;2;true;全, 安全套, 完全;2026-07-28T11:19:36.473299
缺;qüe;1;false;缺点;2026-07-28T11:13:39.983691
然;ran;2;true;当然, 然后, 突然, 虽然;2026-07-28T11:19:36.596841
让;rang;4;true;让, 这个电影让人高兴;2026-07-28T11:19:36.757985
热;re;4;true;加热, 热, 热情;2026-07-28T11:19:36.673392
人;ren;2;true;主人公, 人山人海的地方, 人民币, 人物, 其他人, 别人, 双人床, 客人, 接一个人, 本地人, 这个电影让人高兴, 送一个人;2026-07-28T12:08:54.464691
任;ren;4;false;负责任;2026-07-28T11:13:40.166784
认;ren;4;true;认为, 认真, 认识;2026-07-28T11:36:36.387726
日;ri;4;true;周日, 日, 日期, 日本, 日落, 星期日, 生日, 节日, 过(生日);2026-07-28T12:08:54.554789
容;rong;2;true;你越说中文越容易进步, 容易;2026-07-28T11:19:36.576346
肉;rou;4;true;猪肉, 肌肉, 鸡肉, 鸭肉;2026-07-28T11:19:36.725466
如;ru;2;true;如果, 比如;2026-07-28T11:19:36.565344
入;ru;4;true;入;2026-07-28T11:19:36.472830
软;ruan;3;false;软件;2026-07-28T11:13:40.204409
瑞;rui;4;false;瑞士;2026-07-28T11:13:39.782030
赛;sai;4;false;比赛;2026-07-28T11:13:39.636998
三;san;3;true;三;2026-07-28T12:11:35.974692
伞;san;3;true;滑翔伞, 雨伞;2026-07-28T11:19:36.788268
散;san;4;true;散步;2026-07-28T11:19:36.629390
扫;sao;3;true;扫;2026-07-28T11:19:36.618139
色;se;4;true;棕色, 橙色, 灰色, 粉红色, 紫色, 蓝色, 颜色, 黄色;2026-07-28T11:36:36.394777
森;sen;1;true;森林;2026-07-28T11:19:36.648695
杀;sha;1;false;杀;2026-07-28T11:13:39.563799
沙;sha;1;false;沙发, 沙滩, 沙漠;2026-07-28T11:13:39.663315
山;shan;1;true;人山人海的地方, 爬山, 阿尔卑斯山;2026-07-28T11:19:36.675159
衫;shan;1;true;体恤衫, 衬衫;2026-07-28T11:19:36.753099
伤;shang;1;true;伤害, 伤心;2026-07-28T11:19:36.455395
商;shang;1;true;商店;2026-07-28T11:19:36.535317
上;shang;4;true;上, 上午, 上次, 上班, 上衣, 吗上, 早上, 晚上, 看上去, 线上, 网上;2026-07-28T11:36:36.379639
勺;shao;;true;勺子;2026-07-28T11:19:36.499616
烧;shao;1;true;发烧;2026-07-28T11:19:36.513119
少;shao;3;true;多少, 少, 很少, 最少。。。;2026-07-28T12:08:54.521337
绍;shao;4;true;介绍;2026-07-28T11:19:36.448612
蛇;she;2;false;蛇;2026-07-28T11:13:40.087041
谁;shei;2;true;谁;2026-07-28T11:36:38.215298
深;shen;1;true;深, 深度;2026-07-28T11:19:36.666410
申;shen;1;false;申报, 申请;2026-07-28T11:13:39.796295
身;shen;1;true;单身, 我在你身边, 身高;2026-07-28T11:19:36.767125
什;shen;2;true;为什么, 什么, 什么时候, 什么时间 / 几点？, 你们是什么关系 ?, 干什么?, 谢什么?;2026-07-28T12:08:54.550510
神;shen;2;false;精神;2026-07-28T11:13:39.936990
圣;shen;4;false;圣诞节;2026-07-28T11:13:38.889125
声;sheng;1;true;声音;2026-07-28T11:19:36.555197
生;sheng;1;true;先生, 出生, 医生, 卫生间, 学生, 学生中, 我爱生气, 生日, 生气, 生活, 生病, 过(生日);2026-07-28T12:08:54.554789
省;sheng;3;false;省;2026-07-28T11:13:39.845615
胜;sheng;4;false;战胜;2026-07-28T11:13:39.355355
匙;shi;;true;钥匙;2026-07-28T11:19:36.779422
失;shi;1;true;失去, 失望;2026-07-28T11:19:36.561529
师;shi;1;true;IT工程师, 老师;2026-07-28T12:08:54.391846
十;shi;2;true;十;2026-07-28T12:11:35.975529
实;shi;2;true;充实, 其实。。。, 实习;2026-07-28T12:08:54.457655
时;shi;2;true;A 的时候, B, 不常常但是有时候, 什么时候, 什么时间 / 几点？, 到时候, 及时, 多长时间, 小时, 平时, 时候, 时间, 有时候, 比利时, 老时间老地方;2026-07-28T12:08:54.420641
石;shi;2;false;岩石, 攀石;2026-07-28T11:13:39.444742
识;shi;2;true;认识;2026-07-28T11:36:38.215127
食;shi;2;true;素食, 食品, 食物;2026-07-28T11:19:36.795373
使;shi;3;true;即使;2026-07-28T11:19:36.504441
史;shi;3;true;历史;2026-07-28T11:19:36.505667
始;shi;3;true;开始;2026-07-28T11:19:36.594706
世;shi;4;true;世界;2026-07-28T11:19:36.421453
事;shi;4;true;事, 事情, 以后的事, 同事, 故事, 这件事和我有关系;2026-07-28T11:19:36.438682
士;shi;4;false;巴士, 瑞士;2026-07-28T11:13:39.782030
室;shi;4;true;办公室, 卧室, 室友, 我又是室友又是房东, 教室, 浴室;2026-07-28T11:19:36.497191
市;shi;4;true;城市, 市中心, 超市;2026-07-28T11:19:36.552999
是;shi;4;true;不常常但是有时候, 于是, 但是, 你们是什么关系 ?, 你是说..., 总是, 我又是室友又是房东, 还是, 这是一本有意思的书, 这是第一次来中国;2026-07-28T12:08:54.445183
柿;shi;4;false;西红柿;2026-07-28T11:13:40.118602
示;shi;4;false;表示;2026-07-28T11:13:40.103830
视;shi;4;true;电视, 电视剧, 视频;2026-07-28T11:19:36.684832
试;shi;4;true;口试, 笔试, 考试, 试, 面试;2026-07-28T11:19:36.723331
收;shou;1;true;收（礼物）;2026-07-28T12:08:54.517933
手;shou;3;true;二手, 做手术, 手机, 手表, 洗手间;2026-07-28T11:19:36.614103
瘦;shou;4;true;瘦;2026-07-28T11:19:36.687753
书;shu;1;true;书, 书包, 图书馆, 这是一本有意思的书;2026-07-28T11:19:36.435620
舒;shu;1;true;舒服;2026-07-28T11:19:36.732571
蔬;shu;1;false;蔬菜;2026-07-28T11:13:40.078890
输;shu;1;false;输;2026-07-28T11:13:40.210520
鼠;shu;1;false;老鼠;2026-07-28T11:13:40.005829
薯;shu;3;false;薯条;2026-07-28T11:13:40.081018
数;shu;4;true;数学;2026-07-28T11:19:36.629921
术;shu;4;false;做手术;2026-07-28T11:13:38.552734
束;shu;4;true;结束;2026-07-28T11:19:36.715536
树;shu;4;true;树;2026-07-28T11:19:36.645976
刷;shua;1;true;刷卡, 刷牙;2026-07-28T11:19:36.493649
双;shuang;1;false;双人床;2026-07-28T12:08:54.464691
水;shui;3;true;掉进水里, 水, 水平, 水果, 水饺, 潜水;2026-07-28T11:19:36.657343
睡;shui;4;true;睡觉;2026-07-28T11:19:36.693408
顺;shun;4;true;一路顺风, 顺利, 顺顺利利;2026-07-28T11:19:36.792902
说;shuo;1;true;X 用中文怎么说？, 一般来说, 你到家就跟我说, 你可以再说一遍吗, 你可以说慢一点吗, 你是说..., 你越说中文越容易进步, 听说, 怎么说。。。, 我说他, 胡说八道, 说, 说话, 请再说一遍;2026-07-28T12:08:54.487144
思;si;;true;不好意思, 你好意思？, 意思, 我没有别的意思, 有意思, 这是一本有意思的书;2026-07-28T12:08:54.437807
斯;si;;false;阿尔卑斯山;2026-07-28T11:13:40.332421
司;si;1;true;公司, 分公司, 司机, 总公司;2026-07-28T11:19:36.476063
死;si;3;true;死, 笑死;2026-07-28T11:19:36.703535
四;si;4;true;四, 地铁四号线, 零下四度;2026-07-28T11:19:36.540738
松;song;1;true;轻松;2026-07-28T11:19:36.768730
送;song;4;true;送, 送一个人;2026-07-28T11:19:36.774550
嗽;sou;4;false;咳嗽;2026-07-28T11:13:38.831633
素;su;4;false;素食;2026-07-28T11:13:39.941991
诉;su;4;true;告诉;2026-07-28T11:19:36.525492
速;su;4;false;高速公路;2026-07-28T11:13:40.416902
酸;suan;1;false;酸;2026-07-28T11:13:40.297354
算;suan;4;true;打算, 算, 算了;2026-07-28T11:19:36.617618
虽;sui;1;true;虽然;2026-07-28T11:19:36.748744
随;sui;2;true;随便;2026-07-28T11:19:36.786709
岁;sui;4;true;岁;2026-07-28T11:19:36.582351
所;suo;3;true;厕所, 所以, 所有。。。;2026-07-28T12:08:54.514243
他;ta;1;true;他和我没关系, 他没有我快, 其他人, 吉他, 我和他跑得一样快, 我说他, 我跟他们不见面了;2026-07-28T11:19:36.449597
她;ta;1;true;她;2026-07-28T11:19:36.564280
它;ta;1;true;它;2026-07-28T11:19:36.570376
太;tai;4;true;太, 太阳;2026-07-28T11:19:36.560901
泰;tai;4;false;泰国;2026-07-28T11:13:39.674828
滩;tan;1;false;沙滩;2026-07-28T11:13:39.661437
弹;tan;2;false;弹;2026-07-28T11:13:39.165720
糖;tang;;false;糖;2026-07-28T11:13:39.938640
汤;tang;1;false;汤;2026-07-28T11:13:39.656395
堂;tang;2;false;堂姐;2026-07-28T11:13:38.916298
烫;tang;4;true;烫;2026-07-28T11:19:36.672856
萄;tao;;false;葡萄;2026-07-28T11:13:40.075072
讨;tao;3;true;讨厌, 讨论;2026-07-28T11:19:36.757008
套;tao;4;false;安全套;2026-07-28T11:13:39.021487
特;te;4;true;特别;2026-07-28T11:19:36.677670
疼;teng;2;true;疼痛;2026-07-28T11:19:36.686741
梯;ti;1;true;楼梯, 电梯;2026-07-28T11:19:36.683804
踢;ti;1;false;踢足球;2026-07-28T11:13:40.199086
题;ti;2;true;问题;2026-07-28T11:19:36.784780
体;ti;3;true;体恤衫, 体育, 简体字, 繁体字;2026-07-28T11:19:36.459782
天;tian;;true;一天天, 今天, 冬天, 前天, 后天, 夏天, 天气, 天高了, 天黑了, 当天，我很忙, 我今天工作了一整天, 明天, 春天, 昨天, 晴天, 秋天, 聊天, 阴天;2026-07-28T12:08:54.481308
甜;tian;2;true;甜, 甜点;2026-07-28T11:19:36.681232
条;tiao;2;true;条, 苗条, 薯条;2026-07-28T11:19:36.792428
调;tiao;2;false;空调;2026-07-28T11:13:39.895049
跳;tiao;4;false;跳舞;2026-07-28T11:13:40.196812
铁;tie;3;true;地铁, 地铁四号线, 高铁;2026-07-28T11:19:36.548494
厅;ting;;true;大厅, 客厅;2026-07-28T11:19:36.573282
听;ting;1;true;听, 听力, 听见, 听说, 我听不清;2026-07-28T11:19:36.524013
停;ting;2;false;停;2026-07-28T11:13:38.558968
通;tong;1;true;普通话, 通常;2026-07-28T11:19:36.775967
同;tong;2;true;共同, 同事, 我同意;2026-07-28T11:19:36.521023
痛;tong;4;true;疼痛, 痛;2026-07-28T11:19:36.687213
头;tou;2;true;头发;2026-07-28T11:19:36.562083
突;tu;1;true;突然;2026-07-28T11:19:36.701784
图;tu;2;true;图, 图书馆, 地图;2026-07-28T11:19:36.545201
徒;tu;2;true;徒步;2026-07-28T11:19:36.598455
土;tu;3;false;土豆;2026-07-28T11:13:38.886522
兔;tu;4;false;兔子;2026-07-28T11:13:38.580722
团;tuan;2;true;团队, 马戏团;2026-07-28T11:19:36.543099
推;tui;1;true;拉 / 推, 推荐;2026-07-28T12:08:54.516050
腿;tui;3;true;腿;2026-07-28T11:19:36.729985
退;tui;4;false;退步;2026-07-28T11:13:40.269570
袜;wa;4;true;袜子;2026-07-28T11:19:36.753575
外;wai;4;true;另外, 外向, 外面, 点外卖, 老外, 除了。。。以外。。。;2026-07-28T12:08:54.569995
完;wan;2;true;写完作业了, 完全, 我把苹果吃完了;2026-07-28T11:19:36.571747
玩;wan;2;true;开玩笑, 来玩, 玩, 玩游戏;2026-07-28T11:19:36.680233
晚;wan;3;true;晚上;2026-07-28T11:36:38.214221
碗;wan;3;true;洗碗机, 碗被我洗了;2026-07-28T11:19:36.696522
万;wan;4;true;万, 万里无云;2026-07-28T11:19:36.415000
王;wang;2;false;王老吉;2026-07-28T11:13:39.769133
往;wang;3;false;往返;2026-07-28T11:13:39.172089
网;wang;3;true;打网球, 网上, 网络;2026-07-28T11:19:36.718361
忘;wang;4;true;忘;2026-07-28T11:19:36.600926
望;wang;4;true;失望, 希望;2026-07-28T11:19:36.585653
位;wei;;true;座位;2026-07-28T11:19:36.593770
危;wei;1;true;危险;2026-07-28T11:19:36.502635
微;wei;1;false;微信;2026-07-28T11:13:39.180551
围;wei;2;false;周围, 围巾;2026-07-28T11:13:38.872569
尾;wei;3;false;鸡尾酒;2026-07-28T11:13:40.422963
为;wei;4;true;为什么, 以为, 因为, 妈妈为我做饭, 认为;2026-07-28T11:19:36.451893
卫;wei;4;false;卫生间;2026-07-28T11:13:38.728794
喂;wei;4;false;喂;2026-07-28T11:13:38.850285
未;wei;4;true;未婚妻, 未来;2026-07-28T11:19:36.643829
文;wen;2;true;X 用中文怎么说？, 你越说中文越容易进步, 文化, 文明, 课文;2026-07-28T12:08:54.396377
闻;wen;2;true;新闻;2026-07-28T11:19:36.630847
问;wen;4;true;问, 问题;2026-07-28T11:19:36.781452
我;wo;3;true;他和我没关系, 他没有我快, 你到家就跟我说, 妈妈为我做饭, 当天，我很忙, 我(吃)饱了, 我不能跑得很快, 我习惯了, 我今天工作了一整天, 我们不都喜欢喝咖啡, 我们周末高兴高兴吧。, 我们在哪一站下车？, 我们都不喜欢喝咖啡, 我去大便, 我又是室友又是房东, 我吃饭吃得快, 我同意, 我听不清, 我和他跑得一样快, 我回来了!, 我在你身边, 我家在学校的北边, 我工作到很晚, 我很饿也很渴, 我想你, 我把苹果吃完了, 我明白了, 我有一点儿不高兴, 我汉语课后还有工作, 我没去过中国, 我没有别的意思, 我爱学习, 我爱生气, 我给你打电话, 我花190欧, 我觉得, 我说他, 我跟他们不见面了, 有一只狗在我的旁边, 碗被我洗了, 这件事和我有关系;2026-07-28T12:08:54.511875
卧;wo;4;true;卧室;2026-07-28T11:19:36.502156
屋;wu;1;true;屋;2026-07-28T11:19:36.581867
无;wu;2;true;万里无云, 无聊;2026-07-28T11:19:36.633321
五;wu;3;true;五;2026-07-28T11:19:36.440383
午;wu;3;true;上午, 下午, 中午, 午饭;2026-07-28T11:19:36.417430
舞;wu;3;false;跳舞;2026-07-28T11:13:40.196812
务;wu;4;true;服务员;2026-07-28T11:19:36.642305
物;wu;4;true;人物, 动物, 博物馆, 收（礼物）, 植物, 礼物, 购物, 食物;2026-07-28T12:08:54.517933
息;xi;;true;休息, 给X发信息;2026-07-28T12:08:54.545639
系;xi;;true;他和我没关系, 你们是什么关系 ?, 没关系, 这件事和我有关系;2026-07-28T12:08:54.429489
希;xi;1;true;希望;2026-07-28T11:19:36.585158
惜;xi;1;true;可惜;2026-07-28T11:19:36.518790
西;xi;1;true;东西, 西, 西班牙, 西红柿, 这个东西能用?;2026-07-28T12:08:54.560218
习;xi;2;true;习惯, 复习, 学习, 实习, 我习惯了, 我爱学习, 练习;2026-07-28T11:19:36.434626
喜;xi;3;true;喜欢, 我们不都喜欢喝咖啡, 我们都不喜欢喝咖啡;2026-07-28T11:19:36.537487
洗;xi;3;true;洗, 洗手间, 洗澡, 洗碗机, 洗衣机, 碗被我洗了;2026-07-28T11:19:36.663770
戏;xi;4;false;玩游戏, 马戏团;2026-07-28T11:13:40.405632
下;xia;4;false;一下, 下, 下午, 下次, 下雨, 不下, 想一想 / 想一下, 我们在哪一站下车？, 接下来, 零下四度;2026-07-28T12:08:54.503790
夏;xia;4;true;夏天;2026-07-28T11:19:36.557055
先;xian;1;true;先, 先生;2026-07-28T11:19:36.470990
险;xian;1;true;危险, 风险;2026-07-28T11:19:36.503466
鲜;xian;1;true;海鲜;2026-07-28T11:19:36.801546
咸;xian;2;true;咸;2026-07-28T11:19:36.528812
显;xian;3;true;显得;2026-07-28T11:19:36.637770
现;xian;4;true;发现, 现代, 现在, 现金;2026-07-28T12:08:54.536652
线;xian;4;true;地铁四号线, 米线, 线上;2026-07-28T11:19:36.712213
乡;xiang;1;true;家乡;2026-07-28T11:19:36.575812
相;xiang;1;true;互相, 相信, 相机, 相爱;2026-07-28T11:19:36.439845
箱;xiang;1;true;冰箱, 箱子;2026-07-28T11:19:36.484899
香;xiang;1;true;香, 香料, 香港, 香菜, 香蕉;2026-07-28T11:19:36.798415
翔;xiang;2;false;滑翔伞;2026-07-28T11:13:39.713061
响;xiang;3;true;响;2026-07-28T11:19:36.529294
想;xiang;3;true;想, 想一想 / 想一下, 我想你, 梦想;2026-07-28T12:08:54.490300
像;xiang;4;true;像;2026-07-28T11:19:36.469522
向;xiang;4;true;内向, 向, 外向, 方向;2026-07-28T11:19:36.479233
小;xiao;3;true;小, 小心, 小时, 小羚羊;2026-07-28T11:19:36.579857
校;xiao;4;true;学校, 我家在学校的北边;2026-07-28T11:19:36.569431
笑;xiao;4;true;可笑, 好笑, 开玩笑, 笑死, 笑话;2026-07-28T11:19:36.702964
些;xie;1;true;些;2026-07-28T11:19:36.440912
鞋;xie;2;false;鞋子;2026-07-28T11:13:40.365098
写;xie;3;true;写, 写完作业了;2026-07-28T11:19:36.480831
谢;xie;4;true;不用谢, 谢什么?, 谢谢;2026-07-28T12:08:54.550510
心;xin;1;true;伤心, 关心, 小心, 市中心, 开心, 开心果, 担心, 放心吧;2026-07-28T11:19:36.455926
新;xin;1;true;新, 新加坡, 新奇, 新闻;2026-07-28T11:19:36.630381
信;xin;4;true;信用卡, 微信, 相信, 给X发信息;2026-07-28T12:08:54.545639
行;xing;;true;...行吗?, 不行, 健行, 旅行, 自行车, 行李, 银行;2026-07-28T12:08:54.378423
星;xing;1;true;明星, 星期, 星期一, 星期日, 每个星期跑一次步;2026-07-28T11:19:36.636261
兴;xing;4;true;感兴趣, 我们周末高兴高兴吧。, 我有一点儿不高兴, 这个电影让人高兴, 高兴;2026-07-28T12:08:54.498188
姓;xing;4;true;姓;2026-07-28T11:19:36.568922
幸;xing;4;true;幸好, 幸福;2026-07-28T11:19:36.590116
性;xing;4;false;性格;2026-07-28T11:13:39.201447
兄;xiong;1;false;兄弟姐妹;2026-07-28T11:13:38.569564
休;xiu;1;true;休息;2026-07-28T11:19:36.453858
修;xiu;1;true;修;2026-07-28T11:19:36.466893
袖;xiu;4;true;短袖;2026-07-28T11:19:36.695977
需;xu;1;true;需, 需要;2026-07-28T11:19:36.789745
须;xu;1;true;必须;2026-07-28T11:19:36.600427
恤;xu;4;false;体恤衫;2026-07-28T11:13:38.499293
续;xu;4;true;继续;2026-07-28T11:19:36.717277
选;xuan;3;true;选择;2026-07-28T11:19:36.775019
训;xun;4;false;训练;2026-07-28T11:13:40.144945
学;xüe;2;true;大学, 学习, 学校, 学生, 学生中, 我家在学校的北边, 我爱学习, 数学;2026-07-28T11:19:36.521494
雪;xüe;3;true;滑雪, 雪;2026-07-28T11:19:36.788767
亚;ya;1;false;亚洲;2026-07-28T11:13:38.430584
鸭;ya;1;false;鸭肉;2026-07-28T11:13:40.429472
牙;ya;2;true;刷牙, 西班牙;2026-07-28T11:19:36.494113
讶;ya;4;true;惊讶;2026-07-28T11:19:36.606553
烟;yan;1;false;抽烟;2026-07-28T11:13:39.410069
严;yan;2;true;严重;2026-07-28T11:19:36.428146
岩;yan;2;false;岩石, 攀岩;2026-07-28T11:13:39.442991
盐;yan;2;true;盐;2026-07-28T11:19:36.689313
言;yan;2;true;言语;2026-07-28T11:19:36.760128
颜;yan;2;true;颜色;2026-07-28T11:36:38.215471
演;yan;3;true;表演;2026-07-28T11:19:36.752063
眼;yan;3;true;眼睛, 眼镜;2026-07-28T11:19:36.691903
厌;yan;4;true;讨厌;2026-07-28T11:19:36.757523
羊;yang;2;true;小羚羊;2026-07-28T11:19:36.719517
阳;yang;2;false;太阳, 阳光;2026-07-28T11:13:40.325323
样;yang;4;true;一样, 你觉得怎么样？, 怎么样, 我和他跑得一样快, 这样吧;2026-07-28T12:08:54.454153
幺;yao;1;false;幺;2026-07-28T11:13:39.136888
咬;yao;3;true;咬;2026-07-28T11:19:36.528290
药;yao;4;true;吃药, 药房;2026-07-28T11:19:36.741318
要;yao;4;true;要, 重要, 需要;2026-07-28T11:19:36.754534
钥;yao;4;true;钥匙;2026-07-28T11:19:36.778959
爷;ye;2;false;爷爷;2026-07-28T11:13:39.755869
也;ye;3;true;一点也不, 也, 我很饿也很渴;2026-07-28T11:19:36.434107
业;ye;4;true;专业, 作业, 写完作业了, 毕业;2026-07-28T11:19:36.420942
夜;ye;4;true;一整夜, 夜里;2026-07-28T11:19:36.407363
页;ye;4;false;页;2026-07-28T11:13:40.370559
宜;yi;;true;便宜;2026-07-28T11:19:36.462553
医;yi;1;true;医生, 医院;2026-07-28T11:19:36.501645
衣;yi;1;true;上衣, 大衣, 毛衣, 洗衣机, 衣服, 雨衣;2026-07-28T11:19:36.751516
一;yi;2;true;一下, 一会儿, 一共, 一天天, 一定, 一把刀, 一整夜, 一杯, 一样, 一步一步来吧, 一点也不, 一点儿, 一片面包, 一瓶, 一直, 一般, 一般来说, 一起, 一路顺风, 一边。。。一边。。。, 你可以再说一遍吗, 你可以说慢一点吗, 想一想 / 想一下, 我今天工作了一整天, 我们在哪一站下车？, 我和他跑得一样快, 我有一点儿不高兴, 接一个人, 星期一, 最后一个, 有一只狗在我的旁边, 每个星期跑一次步, 每年一个月, 第一, 请再说一遍, 这是一本有意思的书, 这是第一次来中国, 送一个人;2026-07-28T12:08:54.503790
姨;yi;2;false;阿姨;2026-07-28T11:13:40.329278
以;yi;3;true;不可以, 以为, 以前, 以后, 以后的事, 你可不可以, 你可以再说一遍吗, 你可以说慢一点吗, 可以, 所以, 都可以, 除了。。。以外。。。;2026-07-28T12:08:54.569995
已;yi;3;true;已经;2026-07-28T11:19:36.584191
椅;yi;3;true;椅子;2026-07-28T11:19:36.649797
义;yi;4;true;有意义;2026-07-28T11:19:36.639813
忆;yi;4;false;回忆;2026-07-28T11:13:38.862646
意;yi;4;true;不好意思, 主意, 你介意吗, 你好意思？, 意大利, 意思, 我同意, 我没有别的意思, 有意义, 有意思, 注意, 满意, 这是一本有意思的书;2026-07-28T12:08:54.437807
易;yi;4;true;你越说中文越容易进步, 容易;2026-07-28T11:19:36.576856
疫;yi;4;false;疫情;2026-07-28T11:13:39.819496
议;yi;4;false;会议;2026-07-28T11:13:38.489109
因;yin;1;true;因为;2026-07-28T11:19:36.542460
阴;yin;1;false;阴天;2026-07-28T11:13:40.327213
音;yin;1;true;声音, 音乐;2026-07-28T11:19:36.555844
银;yin;2;true;银行;2026-07-28T11:19:36.779902
饮;yin;3;true;饮料;2026-07-28T11:19:36.796380
应;ying;1;true;应该, 答应;2026-07-28T11:19:36.591163
英;ying;1;true;英国;2026-07-28T11:19:36.734629
赢;ying;2;false;赢;2026-07-28T11:13:40.175988
迎;ying;2;true;欢迎, 欢迎光临;2026-07-28T11:19:36.651719
影;ying;3;true;电影, 这个电影让人高兴;2026-07-28T11:19:36.683340
勇;yong;2;false;勇敢;2026-07-28T11:13:38.699987
泳;yong;3;true;游泳;2026-07-28T11:19:36.668537
用;yong;4;true;X 用中文怎么说？, 不用谢, 信用卡, 有用/没用, 这个东西能用?;2026-07-28T12:08:54.560218
友;you;;true;前女友, 室友, 我又是室友又是房东, 朋友;2026-07-28T11:19:36.641344
优;you;1;false;优点;2026-07-28T11:13:38.486203
油;you;2;true;加油;2026-07-28T11:19:36.498132
游;you;2;true;旅游, 游客, 游泳, 玩游戏;2026-07-28T11:19:36.632807
由;you;2;true;自由;2026-07-28T11:19:36.731474
有;you;3;true;不常常但是有时候, 从来没有, 他没有我快, 只有, 我有一点儿不高兴, 我汉语课后还有工作, 我没有别的意思, 所有。。。, 有一只狗在我的旁边, 有害, 有意义, 有意思, 有时候, 有用/没用, 有的。。。有的。。。, 有趣, 没有, 还有呢？, 还没有, 这件事和我有关系, 这是一本有意思的书;2026-07-28T12:08:54.557236
邮;you;3;false;邮件;2026-07-28T11:13:40.285209
又;you;4;true;又, 我又是室友又是房东;2026-07-28T11:19:36.510813
右;you;4;true;右, 左右;2026-07-28T11:19:36.583723
与;yu;;true;;2026-07-28T11:19:28.881790
于;yu;2;true;于是, 关于, 终于;2026-07-28T11:19:36.713846
愉;yu;2;false;愉快;2026-07-28T11:13:39.215527
鱼;yu;2;true;鱼;2026-07-28T12:08:54.572457
羽;yu;3;false;打羽毛球;2026-07-28T11:13:39.394979
语;yu;3;true;我汉语课后还有工作, 母语, 汉语, 言语, 词语;2026-07-28T11:19:36.659049
雨;yu;3;true;下雨, 雨伞, 雨衣;2026-07-28T11:19:36.787743
寓;yu;4;false;公寓;2026-07-28T11:13:38.599703
浴;yu;4;true;浴室;2026-07-28T11:19:36.665888
育;yu;4;true;体育;2026-07-28T11:19:36.460329
元;yuan;2;true;元旦;2026-07-28T11:19:36.469986
员;yuan;2;true;员工, 服务员;2026-07-28T11:19:36.642801
园;yuan;2;true;(公)园, 公园的中间, 花园, 菜园;2026-07-28T12:08:54.358277
愿;yuan;4;false;做志愿者;2026-07-28T11:13:38.549990
远;yuan;4;true;你的工作离家多远？, 远;2026-07-28T12:08:54.448663
院;yuan;4;true;剧院, 医院;2026-07-28T11:19:36.495664
云;yun;2;false;万里无云, 多云;2026-07-28T11:13:38.931851
运;yun;4;true;做运动, 运气;2026-07-28T11:19:36.771058
约;yüe;1;false;约会;2026-07-28T11:13:39.957293
月;yüe;4;false;八月, 月, 月初, 每年一个月, 这个月;2026-07-28T11:13:40.233078
越;yüe;4;true;你越说中文越容易进步, 越南, 越来越;2026-07-28T11:19:36.765224
杂;za;2;false;杂志;2026-07-28T11:13:39.565238
再;zai;4;true;你可以再说一遍吗, 再, 再见, 请再说一遍;2026-07-28T11:19:36.479753
在;zai;4;true;A在B和C之间, 在, 在。。。里, 在此之后 / 从此, 巴黎在法国的北部, 我们在哪一站下车？, 我在你身边, 我家在学校的北边, 有一只狗在我的旁边, 正在, 现在;2026-07-28T12:08:54.503790
脏;zang;1;true;脏;2026-07-28T11:19:36.728988
糟;zao;1;false;糟糕;2026-07-28T11:13:39.940165
早;zao;3;false;早上;2026-07-28T11:13:39.496626
澡;zao;3;true;洗澡;2026-07-28T11:19:36.664355
择;ze;2;true;选择;2026-07-28T11:19:36.775477
责;ze;2;false;负责任;2026-07-28T11:13:40.166784
怎;zen;3;true;X 用中文怎么说？, 你怎么去工作？, 你觉得怎么样？, 怎么, 怎么了, 怎么办？, 怎么样, 怎么说。。。;2026-07-28T12:08:54.487144
战;zhan;4;false;战胜;2026-07-28T11:13:39.355355
站;zhan;4;true;我们在哪一站下车？, 站;2026-07-28T12:08:54.503790
张;zhang;1;true;张, 紧张;2026-07-28T11:19:36.595791
丈;zhang;4;true;丈夫;2026-07-28T11:19:36.415602
帐;zhang;4;true;帐篷;2026-07-28T11:19:36.586176
找;zhao;3;true;找, 找到;2026-07-28T11:19:36.618642
照;zhao;4;true;护照, 照片, 照顾, 驾照;2026-07-28T11:19:36.619598
着;zhe;;true;着, 着急;2026-07-28T11:19:36.692899
折;zhe;2;true;打折;2026-07-28T11:19:36.616618
者;zhe;3;true;做志愿者, 或者;2026-07-28T11:19:36.612154
这;zhe;4;true;这, 这个东西能用?, 这个月, 这个电影让人高兴, 这么, 这件事和我有关系, 这是一本有意思的书, 这是第一次来中国, 这样吧, 这里;2026-07-28T12:08:54.560218
真;zhen;1;true;真, 真的吗?, 认真;2026-07-28T12:08:54.541439
整;zheng;3;true;一整夜, 我今天工作了一整天;2026-07-28T11:19:36.406830
挣;zheng;4;false;挣钱;2026-07-28T11:13:39.419593
政;zheng;4;false;政府;2026-07-28T11:13:39.454841
正;zheng;4;true;正在, 正常;2026-07-28T11:19:36.653381
证;zheng;4;false;居留证;2026-07-28T11:13:39.080045
之;zhi;1;true;A在B和C之间, 之后, 在此之后 / 从此;2026-07-28T12:08:54.470804
只;zhi;1;false;只, 只有, 有一只狗在我的旁边;2026-07-28T11:13:39.533975
支;zhi;1;false;支付, 支付宝;2026-07-28T11:13:39.448775
汁;zhi;1;true;果汁;2026-07-28T11:19:36.645417
知;zhi;1;true;知道;2026-07-28T11:19:36.694419
植;zhi;2;true;植物;2026-07-28T11:19:36.650252
直;zhi;2;true;一直, 直走;2026-07-28T11:19:36.413041
职;zhi;2;true;辞职;2026-07-28T11:19:36.770126
质;zhi;2;false;质量;2026-07-28T11:13:40.171254
址;zhi;3;true;地址;2026-07-28T11:19:36.547372
纸;zhi;3;true;报纸;2026-07-28T11:19:36.620638
志;zhi;4;false;做志愿者, 杂志;2026-07-28T11:13:39.565238
中;zhong;1;true;X 用中文怎么说？, 中午, 中国, 你越说中文越容易进步, 公园的中间, 学生中, 市中心, 我没去过中国, 这是第一次来中国;2026-07-28T12:08:54.396377
终;zhong;1;true;终于;2026-07-28T11:19:36.713314
钟;zhong;1;true;分钟, 定闹钟;2026-07-28T11:19:36.491445
种;zhong;3;true;种, 种 (verbe);2026-07-28T12:08:54.543476
重;zhong;4;true;严重, 重, 重要;2026-07-28T11:19:36.428653
周;zhou;1;true;周围, 周日, 周末, 我们周末高兴高兴吧。;2026-07-28T12:08:54.498188
洲;zhou;1;true;亚洲, 北美洲, 南美洲, 欧洲, 洲, 非洲;2026-07-28T11:19:36.652836
猪;zhu;1;true;猪肉;2026-07-28T11:19:36.679236
主;zhu;3;true;主人公, 主意;2026-07-28T11:19:36.430815
住;zhu;4;true;住;2026-07-28T11:19:36.458231
助;zhu;4;true;帮助;2026-07-28T11:21:55.821703
注;zhu;4;true;注意;2026-07-28T11:19:36.663278
祝;zhu;4;true;祝;2026-07-28T11:19:36.697468
专;zhuan;1;true;专业;2026-07-28T11:19:36.420398
转;zhuan;3;true;转;2026-07-28T11:19:36.767684
赚;zhuan;4;true;;2026-07-28T11:50:21.648511
装;zhuang;1;false;装备;2026-07-28T12:08:54.548583
准;zhun;3;true;准, 准备;2026-07-28T11:19:36.486336
桌;zhuo;1;true;桌子;2026-07-28T11:19:36.646483
子;zi;;true;个子, 儿子, 兔子, 勺子, 句子, 妻子, 孩子, 帽子, 房子, 杯子, 桌子, 梨子, 椅子, 橘子, 橙子, 父/母 子, 猴子, 盘子, 筷子, 箱子, 肚子, 胡子, 袜子, 裤子, 鞋子, 饺子, 鼻子;2026-07-28T12:08:54.534212
字;zi;;true;名字, 汉字, 简体字, 繁体字;2026-07-28T11:19:36.522443
资;zi;1;false;工资;2026-07-28T11:13:39.090027
紫;zi;3;false;紫色;2026-07-28T11:13:39.945720
自;zi;4;true;自己, 自由, 自行车;2026-07-28T11:19:36.730468
棕;zong;1;false;棕色;2026-07-28T11:13:39.586176
总;zong;3;true;总公司, 总是;2026-07-28T11:19:36.603983
走;zou;3;false;直走, 走, 走路;2026-07-28T11:13:40.178436
租;zu;1;true;出租车;2026-07-28T11:19:36.488993
足;zu;2;false;踢足球;2026-07-28T11:13:40.199086
嘴;zui;3;true;嘴巴;2026-07-28T11:19:36.539262
最;zui;4;true;最+V/Adj, 最后一个, 最少。。。;2026-07-28T12:08:54.521337
醉;zui;4;false;喝醉;2026-07-28T11:13:38.854606
昨;zuo;2;true;昨天;2026-07-28T11:36:38.213946
左;zuo;3;true;左, 左右;2026-07-28T11:19:36.583260
作;zuo;4;true;作业, 你怎么去工作？, 你的工作离家多远？, 写完作业了, 合作, 工作, 我今天工作了一整天, 我工作到很晚, 我汉语课后还有工作;2026-07-28T12:08:54.448663
做;zuo;4;true;做, 做志愿者, 做手术, 做菜, 做运动, 妈妈为我做饭;2026-07-28T11:19:36.467844
坐;zuo;4;true;乘坐, 坐;2026-07-28T11:19:36.549947
座;zuo;4;true;座位;2026-07-28T11:19:36.593120
